{"cameraMode":{"drawMode":0,"name":"Shaded","section":"Shading Mode"},"sceneLighting":true,"audioPlay":false,"sceneViewState":{"showFog":true,"showMaterialUpdate":false,"showSkybox":true,"showFlares":true,"showImageEffects":true,"showParticleSystems":true},"in2DMode":false,"pivot":{"x":1.6829724311828614,"y":5.827199935913086,"z":4.953583717346191},"rotation":{"x":-0.2704092264175415,"y":0.7231120467185974,"z":-0.38894927501678469,"w":-0.5026991367340088},"size":11.153989791870118,"orthographic":false}