{"cameraMode":{"drawMode":0,"name":"Shaded","section":"Shading Mode"},"sceneLighting":true,"audioPlay":false,"sceneViewState":{"showFog":true,"showMaterialUpdate":false,"showSkybox":true,"showFlares":true,"showImageEffects":true,"showParticleSystems":true},"in2DMode":false,"pivot":{"x":0.7680349349975586,"y":7.106949806213379,"z":16.784223556518556},"rotation":{"x":-0.1652449369430542,"y":0.833820104598999,"z":-0.35007432103157046,"w":-0.3935557007789612},"size":18.56580352783203,"orthographic":false}