{"cameraMode":{"drawMode":0,"name":"Shaded","section":"Shading Mode"},"sceneLighting":true,"audioPlay":false,"sceneViewState":{"showFog":true,"showMaterialUpdate":false,"showSkybox":true,"showFlares":true,"showImageEffects":true,"showParticleSystems":true},"in2DMode":false,"pivot":{"x":1.3124735355377198,"y":0.8318402767181397,"z":2.159153938293457},"rotation":{"x":-0.0612453818321228,"y":0.8493909239768982,"z":-0.1011231318116188,"w":-0.5143523216247559},"size":9.209494590759278,"orthographic":false}