{"cameraMode":{"drawMode":0,"name":"Shaded","section":"Shading Mode"},"sceneLighting":false,"audioPlay":false,"sceneViewState":{"showFog":true,"showMaterialUpdate":false,"showSkybox":true,"showFlares":true,"showImageEffects":true,"showParticleSystems":true},"in2DMode":false,"pivot":{"x":-0.8716956377029419,"y":1.631758213043213,"z":10.647868156433106},"rotation":{"x":-0.09704775363206864,"y":0.18871904909610749,"z":-0.01872636005282402,"w":-0.9770446419715881},"size":3.5289416313171388,"orthographic":false}