{"cameraMode":{"drawMode":0,"name":"Shaded","section":"Shading Mode"},"sceneLighting":false,"audioPlay":false,"sceneViewState":{"showFog":true,"showMaterialUpdate":false,"showSkybox":true,"showFlares":true,"showImageEffects":true,"showParticleSystems":true},"in2DMode":false,"pivot":{"x":-0.20800000429153443,"y":3.252000331878662,"z":2.309999942779541},"rotation":{"x":-0.07716844975948334,"y":0.6358548402786255,"z":-0.06412020325660706,"w":-0.7652596831321716},"size":2.4868288040161135,"orthographic":false}