{"cameraMode":{"drawMode":0,"name":"Shaded","section":"Shading Mode"},"sceneLighting":true,"audioPlay":false,"sceneViewState":{"showFog":true,"showMaterialUpdate":false,"showSkybox":true,"showFlares":true,"showImageEffects":true,"showParticleSystems":true},"in2DMode":false,"pivot":{"x":398.2346496582031,"y":639.68994140625,"z":-8.784942626953125},"rotation":{"x":0.022465672343969346,"y":-0.05666326731443405,"z":0.0012603786308318377,"w":0.9981397986412048},"size":420.870361328125,"orthographic":false}