{"cameraMode":{"drawMode":0,"name":"Shaded","section":"Shading Mode"},"sceneLighting":false,"audioPlay":false,"sceneViewState":{"showFog":true,"showMaterialUpdate":false,"showSkybox":true,"showFlares":true,"showImageEffects":true,"showParticleSystems":true},"in2DMode":false,"pivot":{"x":-0.20800000429153443,"y":3.252000331878662,"z":2.309999942779541},"rotation":{"x":0.0068877991288900379,"y":0.6436570286750794,"z":0.005792172625660896,"w":-0.765261173248291},"size":2.4868288040161135,"orthographic":false}