{"cameraMode":{"drawMode":0,"name":"Shaded","section":"Shading Mode"},"sceneLighting":true,"audioPlay":false,"sceneViewState":{"showFog":true,"showMaterialUpdate":false,"showSkybox":true,"showFlares":true,"showImageEffects":true,"showParticleSystems":true},"in2DMode":false,"pivot":{"x":-3.580474853515625,"y":10.294462203979493,"z":11.806680679321289},"rotation":{"x":-0.22122496366500855,"y":0.5256174206733704,"z":-0.14377358555793763,"w":-0.8087738156318665},"size":46.85638427734375,"orthographic":false}