{"cameraMode":{"drawMode":0,"name":"Shaded","section":"Shading Mode"},"sceneLighting":false,"audioPlay":false,"sceneViewState":{"showFog":true,"showMaterialUpdate":false,"showSkybox":true,"showFlares":true,"showImageEffects":true,"showParticleSystems":true},"in2DMode":false,"pivot":{"x":-0.20800000429153443,"y":3.252000331878662,"z":2.309999942779541},"rotation":{"x":-0.20848436653614045,"y":0.41430342197418215,"z":-0.09810036420822144,"w":-0.8804903626441956},"size":4.286828517913818,"orthographic":false}