{"cameraMode":{"drawMode":0,"name":"Shaded","section":"Shading Mode"},"sceneLighting":true,"audioPlay":false,"sceneViewState":{"showFog":true,"showMaterialUpdate":false,"showSkybox":true,"showFlares":true,"showImageEffects":true,"showParticleSystems":true},"in2DMode":false,"pivot":{"x":-0.20800000429153443,"y":3.252000331878662,"z":-12.689998626708985},"rotation":{"x":0.1870829313993454,"y":-0.6239399909973145,"z":0.15725792944431306,"w":0.7422727346420288},"size":9.09985065460205,"orthographic":false}